{"cameraMode":{"drawMode":0,"name":"Shaded","section":"Shading Mode"},"sceneLighting":true,"audioPlay":false,"sceneViewState":{"showFog":true,"showMaterialUpdate":true,"showSkybox":true,"showFlares":true,"showImageEffects":true,"showParticleSystems":true},"in2DMode":false,"pivot":{"x":-0.12999999523162843,"y":5.210000038146973,"z":-15.222000122070313},"rotation":{"x":0.09262730181217194,"y":-0.07133261114358902,"z":0.006652687676250935,"w":0.9931190013885498},"size":22.0,"orthographic":false}