{"cameraMode":{"drawMode":0,"name":"Shaded","section":"Shading Mode"},"sceneLighting":true,"audioPlay":false,"sceneViewState":{"showFog":true,"showMaterialUpdate":true,"showSkybox":true,"showFlares":true,"showImageEffects":true,"showParticleSystems":true},"in2DMode":false,"pivot":{"x":1.8625730276107789,"y":6.197113037109375,"z":25.091920852661134},"rotation":{"x":0.0314878486096859,"y":-0.020988037809729577,"z":0.0006613418809138238,"w":0.9992834329605103},"size":17.57171630859375,"orthographic":true}