{"cameraMode":{"drawMode":0,"name":"Shaded","section":"Shading Mode"},"sceneLighting":true,"audioPlay":false,"sceneViewState":{"showFog":true,"showMaterialUpdate":true,"showSkybox":true,"showFlares":true,"showImageEffects":true,"showParticleSystems":true},"in2DMode":false,"pivot":{"x":2.1566762924194338,"y":7.426373481750488,"z":-11.010802268981934},"rotation":{"x":0.17379632592201234,"y":-0.5314027667045593,"z":0.11243107914924622,"w":0.8214405179023743},"size":10.60786247253418,"orthographic":false}