{"cameraMode":{"drawMode":0,"name":"Shaded","section":"Shading Mode"},"sceneLighting":true,"audioPlay":false,"sceneViewState":{"showFog":true,"showMaterialUpdate":true,"showSkybox":true,"showFlares":true,"showImageEffects":true,"showParticleSystems":true},"in2DMode":false,"pivot":{"x":0.1920013725757599,"y":4.632809162139893,"z":-11.864458084106446},"rotation":{"x":0.14476624131202699,"y":-0.05459261313080788,"z":0.00799934845417738,"w":0.9879252314567566},"size":13.671642303466797,"orthographic":false}